<?xml version="1.0" encoding="UTF-8"?>
<project-private xmlns="http://www.netbeans.org/ns/project-private/1">
    <editor-bookmarks xmlns="http://www.netbeans.org/ns/editor-bookmarks/2" lastBookmarkId="0"/>
    <open-files xmlns="http://www.netbeans.org/ns/projectui-open-files/2">
        <group>
            <file>file:/D:/Programming/Java%20Exam/EXAM/Block_2%20and%20Block_3%20Hibernate/JavaMailSmsSenderJSPTest/src/java/JavaMail/JavaMailServlet.java</file>
            <file>file:/D:/Programming/Java%20Exam/EXAM/Block_2%20and%20Block_3%20Hibernate/JavaMailSmsSenderJSPTest/src/java/DataHibernate/User.java</file>
            <file>file:/D:/Programming/Java%20Exam/EXAM/Block_2%20and%20Block_3%20Hibernate/JavaMailSmsSenderJSPTest/src/java/DataHibernate/HibernateDB.java</file>
            <file>file:/D:/Programming/Java%20Exam/EXAM/Block_2%20and%20Block_3%20Hibernate/JavaMailSmsSenderJSPTest/web/login.jsp</file>
        </group>
    </open-files>
</project-private>
